{"products":[{"id":"0.6392841455618072","qty":1}],"totalPrice":45.989999999999995}